{"cameraMode":{"drawMode":0,"name":"Shaded","section":"Shading Mode"},"sceneLighting":false,"audioPlay":false,"sceneViewState":{"showFog":false,"showMaterialUpdate":false,"showSkybox":false,"showFlares":false,"showImageEffects":false,"showParticleSystems":false},"in2DMode":false,"pivot":{"x":3.7326550483703615,"y":2.0961577892303469,"z":-3.025848150253296},"rotation":{"x":-0.3206251263618469,"y":-0.18810832500457765,"z":0.06512966752052307,"w":-0.9260556101799011},"size":1.0377106666564942,"orthographic":false}