{"cameraMode":{"drawMode":0,"name":"Shaded","section":"Shading Mode"},"sceneLighting":true,"audioPlay":false,"sceneViewState":{"showFog":false,"showMaterialUpdate":false,"showSkybox":false,"showFlares":false,"showImageEffects":false,"showParticleSystems":false},"in2DMode":false,"pivot":{"x":5.968770503997803,"y":-0.06723185628652573,"z":-9.95760440826416},"rotation":{"x":0.07079725712537766,"y":0.9281941056251526,"z":-0.2798273265361786,"w":0.23483429849147798},"size":11.197068214416504,"orthographic":false}